<?xml version="1.0" encoding="UTF-8"?>
<project-private xmlns="http://www.netbeans.org/ns/project-private/1">
    <editor-bookmarks xmlns="http://www.netbeans.org/ns/editor-bookmarks/2" lastBookmarkId="0"/>
    <open-files xmlns="http://www.netbeans.org/ns/projectui-open-files/2">
        <group>
            <file>file:/C:/Users/Gabriel%20Scopel/Documents/ProjetoJava/222210262_Gabriel_deSouzaScopel_Projeto/src/pkg222210262_gabriel_desouzascopel_projeto/controller/UsuarioController.java</file>
            <file>file:/C:/Users/Gabriel%20Scopel/Documents/ProjetoJava/222210262_Gabriel_deSouzaScopel_Projeto/src/pkg222210262_gabriel_desouzascopel_projeto/controller/AnimacaoController.java</file>
            <file>file:/C:/Users/Gabriel%20Scopel/Documents/ProjetoJava/222210262_Gabriel_deSouzaScopel_Projeto/src/pkg222210262_gabriel_desouzascopel_projeto/view/FrmUsuario.java</file>
            <file>file:/C:/Users/Gabriel%20Scopel/Documents/ProjetoJava/222210262_Gabriel_deSouzaScopel_Projeto/src/pkg222210262_gabriel_desouzascopel_projeto/dao/UsuarioDao.java</file>
            <file>file:/C:/Users/Gabriel%20Scopel/Documents/ProjetoJava/222210262_Gabriel_deSouzaScopel_Projeto/src/pkg222210262_gabriel_desouzascopel_projeto/view/Animacao.java</file>
            <file>file:/C:/Users/Gabriel%20Scopel/Documents/ProjetoJava/222210262_Gabriel_deSouzaScopel_Projeto/src/pkg222210262_gabriel_desouzascopel_projeto/model/Calcula.java</file>
            <file>file:/C:/Users/Gabriel%20Scopel/Documents/ProjetoJava/222210262_Gabriel_deSouzaScopel_Projeto/src/pkg222210262_gabriel_desouzascopel_projeto/dao/Conexao.java</file>
            <file>file:/C:/Users/Gabriel%20Scopel/Documents/ProjetoJava/222210262_Gabriel_deSouzaScopel_Projeto/src/pkg222210262_gabriel_desouzascopel_projeto/Main.java</file>
            <file>file:/C:/Users/Gabriel%20Scopel/Documents/ProjetoJava/222210262_Gabriel_deSouzaScopel_Projeto/src/pkg222210262_gabriel_desouzascopel_projeto/dao/newSQLTemplate.sql</file>
        </group>
    </open-files>
</project-private>
